,power,power
,total_capacity,number_of_charger
zipcode,,
1003 AE,22.0,1
1011 AB,22.0,2
1011 AC,11.0,1
1011 BG,22.0,1
1011 CA,11.0,1
1011 EG,11.0,1
1011 GH,22.0,1
1011 GT,11.0,1
1011 GZ,11.0,1
1011 HB,11.0,1
1011 JV,11.0,1
1011 KC,11.0,1
1011 KS,11.0,1
1011 KX,22.0,1
1011 LL,11.0,1
1011 LX,22.0,2
1011 LZ,11.0,1
1011 MN,11.0,1
1011 PL,22.0,1
1011 RG,22.0,1
1011 RK,11.0,1
1011 RL,11.0,1
1011 RN,11.0,1
1011 TB,11.0,1
1011 TE,22.0,1
1011 TG,11.0,1
1011 TM,11.0,1
1011 VA,11.0,1
1012 AD,11.0,1
1012 BH,11.0,1
1012 CK,11.0,1
1012 CR,11.0,1
1012 CZ,11.0,1
1012 EG,11.0,1
1012 ES,11.0,1
1012 GH,11.0,1
1012 GM,11.0,1
1012 RB,11.0,1
1012 RD,11.0,1
1012 SG,11.0,1
1012 SH,11.0,1
1012 SP,33.0,2
1012 SR,11.0,1
1012 SZ,11.0,1
1012 TL,150.0,3
1012 VC,11.0,1
1012 VG,11.0,1
1012 VP,11.0,1
1012 WL,11.0,1
1013 AK,11.0,1
1013 AR,11.0,1
1013 AX,33.0,3
1013 AZ,22.0,1
1013 BC,11.0,1
1013 BV,22.0,2
1013 BW,22.0,2
1013 BX,11.0,1
1013 CM,11.0,1
1013 EC,11.0,1
1013 GM,55.0,3
1013 HC,11.0,1
1013 HG,11.0,1
1013 HV,11.0,1
1013 KS,22.0,2
1013 KT,11.0,1
1013 KW,11.0,1
1013 LC,11.0,1
1013 LE,11.0,1
1013 LM,11.0,1
1013 LR,11.0,1
1013 MB,11.0,1
1013 MC,11.0,1
1013 MD,11.0,1
1013 MG,22.0,1
1013 MK,22.0,1
1013 MP,11.0,1
1013 NB,11.0,1
1013 NJ,33.0,3
1013 NM,22.0,2
1013 NT,11.0,1
1013 PL,11.0,1
1013 PP,22.0,1
1013 PW,11.0,1
1013 RA,11.0,1
1013 RJ,11.0,1
1013 RK,11.0,1
1013 RP,11.0,1
1013 RW,11.0,1
1013 SE,11.0,1
1013 SH,11.0,1
1013 SK,22.0,1
1013 SV,11.0,1
1013 TN,22.0,1
1013 TP,11.0,1
1013 VN,11.0,1
1013 VP,11.0,1
1013 VV,11.0,1
1013 WG,22.0,1
1013 WK,11.0,1
1013 WV,11.0,1
1013 XS,11.0,1
1013 ZV,22.0,2
1013 zd,11.0,1
1014 AH,22.0,1
1014 AJ,11.0,1
1014 AK,133.0,5
1014 AN,22.0,2
1014 AP,22.0,1
1014 AS,11.0,1
1014 AT,11.0,1
1014 AV,22.0,1
1014 AW,11.0,1
1014 BA,11.0,1
1014 ZB,11.0,1
1014 ZC,33.0,3
1014 ZG,22.0,2
1015 AB,33.0,3
1015 AH,11.0,1
1015 AS,22.0,2
1015 BG,11.0,1
1015 BK,11.0,1
1015 BR,11.0,1
1015 BT,11.0,1
1015 CC,11.0,1
1015 CG,11.0,1
1015 CL,11.0,1
1015 CR,11.0,1
1015 CX,11.0,1
1015 DR,11.0,1
1015 DS,22.0,1
1015 DT,11.0,1
1015 DV,11.0,1
1015 DW,11.0,1
1015 EB,11.0,1
1015 GG,11.0,1
1015 GH,11.0,1
1015 HC,11.0,1
1015 HJ,11.0,1
1015 HL,11.0,1
1015 HM,22.0,2
1015 HR,22.0,1
1015 JD,33.0,2
1015 JE,22.0,1
1015 JG,11.0,1
1015 KE,33.0,2
1015 KG,11.0,1
1015 KH,11.0,1
1015 KJ,11.0,1
1015 KK,11.0,1
1015 KN,11.0,1
1015 LL,11.0,1
1015 LT,11.0,1
1015 MA,33.0,2
1015 MH,11.0,1
1015 MK,22.0,1
1015 MN,11.0,1
1015 MS,11.0,1
1015 MT,11.0,1
1015 MZ,11.0,1
1015 TR,11.0,1
1015 TT,11.0,1
1015 WK,22.0,2
1015 WZ,22.0,2
1015 XK,11.0,1
1015 XL,11.0,1
1015 XM,22.0,1
1015 XP,11.0,1
1015 XR,11.0,1
1015 ZH,11.0,1
1015 ZR,11.0,1
1016 AB,22.0,2
1016 AK,11.0,1
1016 AW,11.0,1
1016 BK,11.0,1
1016 BS,11.0,1
1016 CD,11.0,1
1016 CJ,22.0,2
1016 DK,22.0,2
1016 DT,11.0,1
1016 DX,11.0,1
1016 EB,11.0,1
1016 EH,11.0,1
1016 EV,11.0,1
1016 GD,33.0,3
1016 GE,11.0,1
1016 GL,11.0,1
1016 GX,11.0,1
1016 HM,11.0,1
1016 HV,11.0,1
1016 HX,11.0,1
1016 KD,11.0,1
1016 KG,11.0,1
1016 KP,22.0,2
1016 LT,11.0,1
1016 NB,11.0,1
1016 NG,11.0,1
1016 NL,22.0,1
1016 NN,11.0,1
1016 NP,11.0,1
1016 RL,11.0,1
1016 RM,11.0,1
1016 SZ,11.0,1
1016 TB,11.0,1
1016 TL,11.0,1
1016 TP,11.0,1
1016 TR,11.0,1
1016 TZ,11.0,1
1016 VR,11.0,1
1016 VT,11.0,1
1016 VV,11.0,1
1016 XH,11.0,1
1016 XK,66.0,6
1016 XP,11.0,1
1017 AJ,22.0,2
1017 AK,11.0,1
1017 AS,11.0,1
1017 AV,11.0,1
1017 BS,11.0,1
1017 BV,11.0,1
1017 BW,11.0,1
1017 CC,11.0,1
1017 CD,22.0,2
1017 CG,22.0,1
1017 CJ,11.0,1
1017 DR,22.0,2
1017 DW,11.0,1
1017 EA,11.0,1
1017 ED,11.0,1
1017 EG,11.0,1
1017 EM,11.0,1
1017 ET,11.0,1
1017 GN,11.0,1
1017 HW,11.0,1
1017 JD,22.0,2
1017 JH,22.0,1
1017 JK,11.0,1
1017 KA,22.0,2
1017 KB,11.0,1
1017 KD,11.0,1
1017 KJ,11.0,1
1017 KL,11.0,1
1017 KV,11.0,1
1017 KX,11.0,1
1017 KZ,11.0,1
1017 LA,11.0,1
1017 LC,11.0,1
1017 LT,11.0,1
1017 LW,11.0,1
1017 NB,22.0,1
1017 RK,22.0,2
1017 RM,22.0,2
1017 RT,22.0,2
1017 SB,11.0,1
1017 SG,11.0,1
1017 SJ,11.0,1
1017 SK,33.0,2
1017 TC,22.0,2
1017 VW,22.0,2
1017 WS,22.0,2
1017 WZ,11.0,1
1017 XE,11.0,1
1017 XG,11.0,1
1017 XJ,22.0,1
1017 XK,22.0,2
1017 XL,22.0,1
1017 XM,33.0,3
1017 XN,11.0,1
1017 XS,22.0,1
1017 XW,22.0,1
1017 XZ,11.0,1
1017 ZJ,11.0,1
1017 ZL,22.0,2
1017 ZN,11.0,1
1017 ZS,11.0,1
1018 AC,11.0,1
1018 AD,11.0,1
1018 AL,33.0,3
1018 AP,22.0,2
1018 AR,22.0,1
1018 BH,11.0,1
1018 BK,22.0,1
1018 BR,22.0,1
1018 CC,22.0,1
1018 CG,11.0,1
1018 CM,33.0,2
1018 CN,11.0,1
1018 CZ,11.0,1
1018 DD,11.0,1
1018 DJ,11.0,1
1018 DR,11.0,1
1018 DT,22.0,1
1018 EE,11.0,1
1018 EG,11.0,1
1018 ET,11.0,1
1018 GB,22.0,2
1018 GJ,11.0,1
1018 GV,11.0,1
1018 GX,22.0,2
1018 HJ,11.0,1
1018 HL,22.0,1
1018 JE,11.0,1
1018 JG,22.0,1
1018 JR,11.0,1
1018 KN,11.0,1
1018 KP,22.0,1
1018 LJ,11.0,1
1018 LT,44.0,3
1018 LZ,11.0,1
1018 MR,11.0,1
1018 MS,11.0,1
1018 MT,22.0,1
1018 MZ,44.0,3
1018 NC,11.0,1
1018 NK,11.0,1
1018 NW,11.0,1
1018 PE,11.0,1
1018 RB,11.0,1
1018 RK,22.0,2
1018 RW,11.0,1
1018 SK,11.0,1
1018 SL,22.0,1
1018 SR,11.0,1
1018 SV,22.0,1
1018 TJ,22.0,1
1018 TS,22.0,1
1018 TV,44.0,4
1018 TZ,22.0,1
1018 VA,11.0,1
1018 VE,11.0,1
1018 VH,22.0,1
1018 VJ,22.0,1
1018 VM,11.0,1
1018 VS,11.0,1
1018 WC,22.0,2
1018 WG,22.0,2
1018 XK,22.0,2
1018 XW,11.0,1
1018 ZD,22.0,2
1018 ZL,11.0,1
1018 ZN,22.0,1
1018 ZS,11.0,1
1018 ZZ,11.0,1
1019 AA,11.0,1
1019 AD,11.0,1
1019 AH,22.0,2
1019 AX,11.0,1
1019 BX,11.0,1
1019 CV,11.0,1
1019 DA,11.0,1
1019 DD,11.0,1
1019 DG,11.0,1
1019 DP,33.0,2
1019 ED,44.0,3
1019 EH,11.0,1
1019 GD,11.0,1
1019 HA,11.0,1
1019 JZ,22.0,1
1019 KN,11.0,1
1019 KR,11.0,1
1019 LB,22.0,1
1019 LL,33.0,3
1019 LS,33.0,2
1019 MD,22.0,1
1019 ME,11.0,1
1019 PK,11.0,1
1019 PM,11.0,1
1019 PV,11.0,1
1019 RC,11.0,1
1019 RD,11.0,1
1019 RR,44.0,2
1019 RV,11.0,1
1019 SC,11.0,1
1019 SE,11.0,1
1019 SG,22.0,1
1019 TB,11.0,1
1019 TD,33.0,2
1019 TH,11.0,1
1019 TK,22.0,2
1019 TR,22.0,1
1019 VC,11.0,1
1019 VK,22.0,1
1019 WG,22.0,2
1019 WV,22.0,1
1019 WX,11.0,1
1019 XD,22.0,1
1019 XE,11.0,1
1019 XG,22.0,2
1019 XH,11.0,1
1021 BS,22.0,1
1021 CE,11.0,1
1021 EB,11.0,1
1021 EG,11.0,1
1021 EK,11.0,1
1021 EN,11.0,1
1021 HC,22.0,1
1021 JM,11.0,1
1021 JR,11.0,1
1021 JV,22.0,2
1021 KN,11.0,1
1021 LD,11.0,1
1021 LL,11.0,1
1021 NW,11.0,1
1021 PS,22.0,2
1021 TR,22.0,1
1021 TT,11.0,1
1022 AB,11.0,1
1022 AC,11.0,1
1022 AM,22.0,2
1022 BA,11.0,1
1022 BK,11.0,1
1022 KB,11.0,1
1022 KD,11.0,1
1022 KE,11.0,1
1022 KJ,22.0,1
1022 KK,11.0,1
1022 LA,55.0,5
1022 WV,22.0,2
1023 AK,11.0,1
1023 AS,11.0,1
1023 BA,11.0,1
1023 BB,11.0,1
1023 BC,11.0,1
1023 BE,22.0,1
1023 BM,11.0,1
1023 BS,11.0,1
1023 BX,11.0,1
1023 EA,55.0,3
1023 NA,11.0,1
1023 NE,11.0,1
1023 NT,11.0,1
1023 PA,11.0,1
1023 XG,11.0,1
1023 XR,11.0,1
1024 BA,22.0,1
1024 BV,33.0,2
1024 BX,11.0,1
1024 CR,11.0,1
1024 CX,22.0,1
1024 DC,11.0,1
1024 EJ,11.0,1
1024 EK,22.0,1
1024 EP,22.0,1
1024 GT,22.0,1
1024 HA,22.0,1
1024 HM,11.0,1
1024 KH,11.0,1
1024 KK,22.0,1
1024 KM,22.0,1
1024 LA,22.0,1
1024 LH,11.0,1
1024 LW,22.0,1
1024 MD,44.0,3
1024 MH,22.0,1
1024 MJ,22.0,1
1024 ML,11.0,1
1024 NG,11.0,1
1024 NL,11.0,1
1024 NR,22.0,1
1024 PJ,11.0,1
1024 PL,22.0,1
1024 SG,22.0,1
1024 TK,11.0,1
1024 VR,11.0,1
1024 VV,22.0,2
1024 VX,22.0,1
1024 XR,22.0,1
1025 AE,11.0,1
1025 AJ,22.0,1
1025 BE,22.0,1
1025 BK,11.0,1
1025 CL,11.0,1
1025 CX,11.0,1
1025 DC,11.0,1
1025 DS,22.0,1
1025 DT,11.0,1
1025 EE,11.0,1
1025 GC,11.0,1
1025 HD,11.0,1
1025 HS,11.0,1
1025 JG,11.0,1
1025 JV,22.0,1
1025 KG,11.0,1
1025 KN,11.0,1
1025 KV,22.0,1
1025 MR,22.0,2
1025 NK,22.0,1
1025 PC,11.0,1
1025 PD,22.0,1
1025 PK,11.0,1
1025 RW,22.0,1
1025 VN,11.0,1
1025 VR,22.0,2
1025 WD,11.0,1
1025 WH,11.0,1
1025 WK,22.0,1
1025 WS,11.0,1
1025 WZ,22.0,2
1025 XG,11.0,1
1025 XW,33.0,2
1025 ZC,11.0,1
1025 ZR,11.0,1
1025JL,11.0,1
1027 AM,22.0,1
1027 ED,11.0,1
1028 BK,33.0,2
1031 BP,11.0,1
1031 BX,11.0,1
1031 CJ,22.0,1
1031 EM,11.0,1
1031 GD,11.0,1
1031 GG,11.0,1
1031 GH,22.0,1
1031 HE,22.0,1
1031 HH,22.0,2
1031 KA,11.0,1
1031 KB,22.0,1
1031 VD,11.0,1
1031 XR,22.0,1
1031 XT,11.0,1
1032 AB,11.0,1
1032 AM,11.0,1
1032 BA,11.0,1
1032 BV,11.0,1
1032 BW,11.0,1
1032 EB,11.0,1
1032 GH,11.0,1
1032 GW,22.0,1
1032 GX,22.0,1
1032 HE,11.0,1
1032 HK,11.0,1
1032 JB,11.0,1
1032 JT,22.0,1
1032 JX,11.0,1
1032 KJ,11.0,1
1032 KW,11.0,1
1032 LH,22.0,2
1032 VS,11.0,1
1032 VW,11.0,1
1032 ZC,22.0,1
1033 AA,11.0,1
1033 AE,11.0,1
1033 BJ,11.0,1
1033 BW,22.0,1
1033 BX,22.0,1
1033 CC,22.0,1
1033 DC,11.0,1
1033 DK,22.0,1
1033 DR,11.0,1
1033 DV,22.0,1
1033 DX,11.0,1
1033 EK,11.0,1
1033 GE,22.0,1
1033 GG,11.0,1
1033 GZ,11.0,1
1033 HA,22.0,1
1033 HK,11.0,1
1033 HL,22.0,1
1033 JJ,22.0,1
1033 JP,11.0,1
1033 KM,11.0,1
1033 KS,11.0,1
1033 MD,11.0,1
1033 MV,11.0,1
1033 PB,11.0,1
1033 PH,22.0,1
1033 PJ,11.0,1
1033 PV,22.0,1
1033 PW,22.0,1
1033 RB,11.0,1
1033 RC,22.0,2
1033 RD,11.0,1
1033 RK,22.0,1
1033 RM,11.0,1
1033 RR,11.0,1
1033 SC,22.0,1
1033 SM,11.0,1
1033 SN,11.0,1
1033 SP,11.0,1
1033 ST,22.0,2
1033 SX,22.0,2
1033 VA,11.0,1
1033 VJ,11.0,1
1033 WG,11.0,1
1033 WP,11.0,1
1033 XE,22.0,1
1033 XN,11.0,1
1033 ZA,22.0,1
1033 ZK,11.0,1
1033 ZT,11.0,1
1034 AA,11.0,1
1034 BE,22.0,1
1034 CA,11.0,1
1034 DD,22.0,1
1034 DK,22.0,1
1034 DM,11.0,1
1034 DR,11.0,1
1034 DT,22.0,2
1034 EZ,22.0,2
1034 GA,11.0,1
1034 GV,11.0,1
1034 HD,22.0,2
1034 HJ,22.0,1
1034 JK,22.0,1
1034 JN,11.0,1
1034 KX,11.0,1
1034 LK,11.0,1
1034 MA,22.0,1
1034 ML,11.0,1
1034 NB,11.0,1
1034 NL,11.0,1
1034 PP,22.0,1
1034 PT,11.0,1
1034 RA,11.0,1
1034 RV,11.0,1
1034 SP,33.0,2
1034 ST,22.0,1
1034 TN,11.0,1
1034 VB,22.0,1
1034 WC,22.0,1
1034 WD,11.0,1
1034 WG,11.0,1
1034 XC,11.0,1
1034 XG,22.0,1
1034 XM,22.0,1
1034 ZK,11.0,1
1035 BK,11.0,1
1035 HK,11.0,1
1035 HM,22.0,1
1035 HN,11.0,1
1035 HV,22.0,1
1035 HZ,11.0,1
1035 JB,11.0,1
1035 JR,11.0,1
1035 JS,22.0,1
1035 JW,55.0,3
1035 JX,11.0,1
1035 KG,22.0,2
1035 KP,22.0,1
1035 KW,11.0,1
1035 LC,11.0,1
1035 NE,11.0,1
1035 RD,11.0,1
1035 SW,11.0,1
1035 SX,22.0,1
1035 TT,11.0,1
1035 VB,22.0,1
1035 XJ,11.0,1
1035 XS,11.0,1
1035 XT,22.0,1
1036 KD,11.0,1
1036 KJ,66.0,4
1036 KM,11.0,1
1036 KR,11.0,1
1036 LD,11.0,1
1036 LG,11.0,1
1036 LL,11.0,1
1036 LM,22.0,1
1037 RS,11.0,1
1042 AH,11.0,1
1043 AC,44.0,4
1043 AH,4.0,1
1043 AJ,11.0,1
1043 BE,11.0,1
1043 BJ,11.0,1
1043 BX,11.0,1
1043 DV,11.0,1
1046 AB,22.0,1
1046 AD,11.0,1
1046 AE,22.0,1
1046 AG,11.0,1
1046 AK,50.0,1
1047 AZ,22.0,1
1051 AL,11.0,1
1051 AN,11.0,1
1051 AV,22.0,2
1051 BW,11.0,1
1051 CA,11.0,1
1051 CG,33.0,3
1051 CN,22.0,1
1051 CP,22.0,1
1051 CZ,11.0,1
1051 DD,11.0,1
1051 ED,44.0,3
1051 EL,11.0,1
1051 EN,22.0,1
1051 ES,11.0,1
1051 ET,22.0,1
1051 GL,11.0,1
1051 GN,11.0,1
1051 GV,22.0,1
1051 HL,11.0,1
1051 HP,44.0,2
1051 HV,22.0,1
1051 JN,11.0,1
1051 JZ,22.0,1
1051 KH,11.0,1
1051 KN,11.0,1
1051 LG,22.0,1
1051 LM,11.0,1
1051 LN,22.0,1
1051 LP,22.0,1
1051 LS,11.0,1
1051 LT,11.0,1
1051 MJ,11.0,1
1051 NX,11.0,1
1051 TK,22.0,1
1051 TN,11.0,1
1051 TS,22.0,1
1051 VA,11.0,1
1051 VD,11.0,1
1051 VR,11.0,1
1051 VT,11.0,1
1051 XC,33.0,2
1051 XP,22.0,1
1051 XR,11.0,1
1052 AC,11.0,1
1052 AE,11.0,1
1052 AK,22.0,1
1052 AV,11.0,1
1052 BA,22.0,1
1052 BB,11.0,1
1052 BD,11.0,1
1052 BR,11.0,1
1052 CE,11.0,1
1052 CG,11.0,1
1052 EM,11.0,1
1052 ES,44.0,2
1052 ET,11.0,1
1052 GA,11.0,1
1052 GB,11.0,1
1052 GL,22.0,1
1052 GN,22.0,1
1052 HS,22.0,1
1052 HZ,11.0,1
1052 JE,22.0,1
1052 JK,22.0,1
1052 JL,11.0,1
1052 JT,11.0,1
1052 JX,11.0,1
1052 KG,11.0,1
1052 KP,11.0,1
1052 LM,11.0,1
1052 LP,11.0,1
1052 LS,22.0,1
1052 RJ,11.0,1
1052 RP,22.0,1
1052 SE,11.0,1
1052 SL,33.0,2
1052 SP,22.0,1
1052 SW,11.0,1
1052 TJ,22.0,1
1052 VA,11.0,1
1052 VC,11.0,1
1052 VG,11.0,1
1052 WC,11.0,1
1052 WG,11.0,1
1052NA,11.0,1
1053 AP,11.0,1
1053 AS,22.0,1
1053 BD,11.0,1
1053 BT,22.0,1
1053 CL,22.0,1
1053 CW,11.0,1
1053 GP,22.0,1
1053 HG,11.0,1
1053 HK,22.0,1
1053 JE,11.0,1
1053 JM,11.0,1
1053 KE,11.0,1
1053 LJ,22.0,1
1053 LL,11.0,1
1053 LR,11.0,1
1053 MJ,11.0,1
1053 NG,11.0,1
1053 PE,22.0,1
1053 PR,22.0,1
1053 PV,11.0,1
1053 PW,11.0,1
1053 RE,22.0,1
1053 RL,22.0,1
1053 RV,22.0,2
1053 RZ,22.0,1
1053 SB,11.0,1
1053 SC,11.0,1
1053 SE,11.0,1
1053 SJ,22.0,2
1053 SV,22.0,1
1053 SX,33.0,2
1053 TN,11.0,1
1053 TT,11.0,1
1053 TW,22.0,1
1053 VB,11.0,1
1053 VD,22.0,1
1053 VG,22.0,1
1053 VX,11.0,1
1053 WS,11.0,1
1053 XB,11.0,1
1053 XD,22.0,1
1053 XE,11.0,1
1053 XZ,11.0,1
1053 ZE,11.0,1
1053 ZJ,11.0,1
1053 ZN,11.0,1
1053 ZW,22.0,1
1053 ZZ,11.0,1
1054 AB,11.0,1
1054 AH,55.0,3
1054 AN,11.0,1
1054 AW,11.0,1
1054 AX,11.0,1
1054 BG,22.0,1
1054 CE,33.0,2
1054 CT,22.0,1
1054 CW,22.0,2
1054 CX,11.0,1
1054 DB,11.0,1
1054 DN,11.0,1
1054 DR,22.0,1
1054 DT,11.0,1
1054 DW,11.0,1
1054 DZ,33.0,2
1054 EG,11.0,1
1054 EN,22.0,1
1054 EP,11.0,1
1054 ET,11.0,1
1054 EZ,11.0,1
1054 GG,11.0,1
1054 GK,11.0,1
1054 GL,11.0,1
1054 GN,11.0,1
1054 GX,11.0,1
1054 HX,11.0,1
1054 JB,11.0,1
1054 JJ,22.0,1
1054 JM,11.0,1
1054 KP,11.0,1
1054 KS,22.0,2
1054 KV,22.0,2
1054 KW,11.0,1
1054 LA,11.0,1
1054 LC,22.0,1
1054 LW,11.0,1
1054 LX,11.0,1
1054 LZ,11.0,1
1054 MA,22.0,2
1054 MG,11.0,1
1054 NB,44.0,3
1054 NE,11.0,1
1054 NV,22.0,2
1054 PS,11.0,1
1054 PT,11.0,1
1054 PV,11.0,1
1054 SC,11.0,1
1054 SN,11.0,1
1054 SZ,33.0,2
1054 TE,11.0,1
1054 TM,11.0,1
1054 TS,22.0,2
1054 TT,11.0,1
1054 TW,11.0,1
1054 VC,11.0,1
1054 VM,22.0,1
1054 VN,44.0,2
1054 VT,11.0,1
1054 VZ,22.0,2
1054 WG,22.0,1
1054 WH,11.0,1
1054 XE,22.0,1
1054 XG,11.0,1
1054 XH,11.0,1
1054 XK,22.0,2
1054 XL,22.0,1
1054 XN,11.0,1
1054 XS,11.0,1
1054 XT,11.0,1
1054 XV,11.0,1
1054 XZ,22.0,1
1054 ZB,22.0,2
1054 ZD,11.0,1
1054 ZG,22.0,1
1054 ZH,33.0,2
1054 ZP,11.0,1
1054 ZT,11.0,1
1055 AN,22.0,2
1055 AR,11.0,1
1055 BD,22.0,1
1055 BL,11.0,1
1055 BR,11.0,1
1055 BW,11.0,1
1055 CK,11.0,1
1055 CL,22.0,2
1055 CM,11.0,1
1055 DL,11.0,1
1055 DT,11.0,1
1055 EE,11.0,1
1055 EJ,11.0,1
1055 EN,22.0,1
1055 ET,22.0,2
1055 EX,11.0,1
1055 EZ,22.0,1
1055 GB,11.0,1
1055 GL,11.0,1
1055 GZ,22.0,2
1055 HD,22.0,1
1055 JA,11.0,1
1055 JD,11.0,1
1055 JL,11.0,1
1055 KT,22.0,1
1055 LD,11.0,1
1055 LE,11.0,1
1055 NK,11.0,1
1055 NM,11.0,1
1055 NN,22.0,1
1055 NR,11.0,1
1055 NX,22.0,1
1055 PE,11.0,1
1055 PJ,22.0,1
1055 PK,11.0,1
1055 PS,11.0,1
1055 PZ,22.0,1
1055 RB,22.0,1
1055 RH,11.0,1
1055 RN,11.0,1
1055 RX,11.0,1
1055 SH,11.0,1
1055 SR,11.0,1
1055 SV,11.0,1
1055 TA,11.0,1
1055 TK,33.0,2
1055 TM,22.0,2
1055 TN,11.0,1
1055 VB,33.0,2
1055 VP,22.0,2
1055 VR,11.0,1
1055 VT,11.0,1
1055 WB,11.0,1
1055 WC,11.0,1
1055 XH,22.0,1
1055 XP,11.0,1
1055 ZR,11.0,1
1056 AK,11.0,1
1056 AZ,11.0,1
1056 BA,22.0,1
1056 BB,22.0,1
1056 BC,11.0,1
1056 CW,11.0,1
1056 DK,22.0,2
1056 DT,22.0,2
1056 EB,11.0,1
1056 EM,11.0,1
1056 EP,22.0,2
1056 ER,11.0,1
1056 ES,22.0,1
1056 EW,11.0,1
1056 HD,11.0,1
1056 HL,33.0,3
1056 HR,11.0,1
1056 HT,44.0,3
1056 HX,22.0,2
1056 HZ,11.0,1
1056 JC,11.0,1
1056 JE,11.0,1
1056 JL,11.0,1
1056 JT,22.0,2
1056 JV,22.0,1
1056 KB,22.0,1
1056 KH,22.0,1
1056 KN,11.0,1
1056 KP,22.0,1
1056 NG,11.0,1
1056 NP,11.0,1
1056 NR,22.0,1
1056 NV,11.0,1
1056 PN,33.0,2
1056 PV,11.0,1
1056 RA,11.0,1
1056 RG,11.0,1
1056 RH,22.0,1
1056 RL,11.0,1
1056 RN,22.0,1
1056 RX,22.0,1
1056 SC,11.0,1
1056 SE,33.0,2
1056 SL,22.0,1
1056 SM,11.0,1
1056 SX,22.0,1
1056 TG,11.0,1
1056 TM,11.0,1
1056 TW,22.0,2
1056 VG,11.0,1
1056 VK,22.0,1
1056 VR,22.0,1
1056 VS,11.0,1
1056 VV,22.0,2
1056 WB,11.0,1
1056 WC,11.0,1
1056 WS,11.0,1
1056 WT,22.0,1
1056 WV,11.0,1
1056 XL,22.0,1
1056 XR,11.0,1
1056 XT,11.0,1
1057,11.0,1
1057 AC,11.0,1
1057 AN,11.0,1
1057 AP,22.0,1
1057 AR,11.0,1
1057 AS,22.0,1
1057 AX,22.0,1
1057 AZ,11.0,1
1057 BE,11.0,1
1057 BR,22.0,1
1057 CJ,11.0,1
1057 CK,11.0,1
1057 DM,22.0,1
1057 DP,11.0,1
1057 DT,11.0,1
1057 EH,11.0,1
1057 ET,11.0,1
1057 EZ,22.0,1
1057 GC,22.0,1
1057 GD,22.0,1
1057 GE,11.0,1
1057 GV,11.0,1
1057 GX,11.0,1
1057 HB,11.0,1
1057 HE,11.0,1
1057 HM,22.0,2
1057 HN,11.0,1
1057 HR,11.0,1
1057 HX,11.0,1
1057 JA,11.0,1
1057 JH,22.0,1
1057 JK,11.0,1
1057 JP,33.0,2
1057 JS,11.0,1
1057 NL,22.0,1
1057 PX,11.0,1
1057 RE,22.0,1
1057 RG,11.0,1
1057 RJ,11.0,1
1057 RM,22.0,1
1057 RR,11.0,1
1057 RT,33.0,2
1057 RW,22.0,1
1057 SC,11.0,1
1057 SG,11.0,1
1057 SX,44.0,2
1057 TE,11.0,1
1057 TJ,22.0,1
1057 TR,22.0,1
1057 VH,11.0,1
1057 VP,22.0,2
1057 WD,22.0,1
1057 WK,11.0,1
1057 WR,22.0,1
1057 WX,22.0,1
1057 XA,11.0,1
1057 ZR,11.0,1
1057 ZW,33.0,3
1058 AA,22.0,2
1058 AM,11.0,1
1058 AN,33.0,2
1058 AS,22.0,1
1058 AT,11.0,1
1058 AW,22.0,1
1058 AZ,11.0,1
1058 BC,22.0,1
1058 BV,11.0,1
1058 BW,22.0,1
1058 CV,22.0,1
1058 DH,11.0,1
1058 DK,11.0,1
1058 DN,11.0,1
1058 DV,22.0,1
1058 GA,55.0,4
1058 GD,11.0,1
1058 GN,11.0,1
1058 GP,11.0,1
1058 GR,11.0,1
1058 GX,22.0,1
1058 HC,22.0,2
1058 HE,11.0,1
1058 HG,11.0,1
1058 HJ,11.0,1
1058 HN,11.0,1
1058 HP,11.0,1
1058 HS,11.0,1
1058 HT,33.0,2
1058 HW,22.0,1
1058 JC,11.0,1
1058 JG,11.0,1
1058 JL,11.0,1
1058 JW,11.0,1
1058 KM,11.0,1
1058 KN,11.0,1
1058 KS,11.0,1
1058 KV,22.0,1
1058 KX,22.0,1
1058 LG,22.0,1
1058 LH,11.0,1
1058 LL,11.0,1
1058 LM,44.0,2
1058 LP,11.0,1
1058 LT,11.0,1
1058 NB,11.0,1
1058 NC,11.0,1
1058 NE,11.0,1
1058 NL,44.0,3
1058 SE,11.0,1
1058 SL,11.0,1
1058 SP,11.0,1
1058 SR,22.0,1
1058 ST,22.0,1
1058 SV,33.0,2
1058 TC,11.0,1
1058 TD,11.0,1
1058 TJ,22.0,1
1058 TX,33.0,2
1058 VA,11.0,1
1058 VD,22.0,1
1058 VK,22.0,1
1058 VN,11.0,1
1058 VV,11.0,1
1058 XB,11.0,1
1058 XC,11.0,1
1058 XD,33.0,2
1058 XG,22.0,1
1058 XM,22.0,1
1058 XT,11.0,1
1058GV,11.0,1
1059 AT,11.0,1
1059 AV,11.0,1
1059 AX,11.0,1
1059 BB,11.0,1
1059 BC,22.0,1
1059 BE,11.0,1
1059 BP,11.0,1
1059 CB,22.0,2
1059 CD,22.0,2
1059 CH,11.0,1
1059 CL,44.0,4
1059 CM,1191.0,16
1059 EB,11.0,1
1059 ED,33.0,2
1059 EV,11.0,1
1059 SV,22.0,1
1059 SZ,22.0,1
1059 TD,11.0,1
1059 TG,22.0,2
1059 TH,11.0,1
1059 TL,11.0,1
1059 TS,11.0,1
1059 VM,11.0,1
1059 VP,22.0,1
1059 VR,22.0,2
1059 VV,11.0,1
1059 VW,22.0,1
1059 VX,11.0,1
1059 XA,22.0,2
1059 XB,11.0,1
1059 XD,22.0,1
1059 XK,11.0,1
1059 XR,11.0,1
1059 XT,11.0,1
1059AM,11.0,1
1060 MB,22.0,1
1060 MJ,44.0,3
1060 MN,22.0,1
1060 MS,11.0,1
1060 NK,11.0,1
1060 NL,22.0,2
1060 NM,22.0,1
1060 NT,11.0,1
1060 NX,22.0,2
1060 PK,22.0,2
1060 PL,11.0,1
1060 RA,11.0,1
1060 RD,11.0,1
1060 RE,11.0,1
1060 RK,11.0,1
1060 RM,22.0,1
1060 RP,11.0,1
1060 RR,22.0,1
1060 RS,11.0,1
1060 RT,11.0,1
1060 RX,22.0,1
1060 RZ,11.0,1
1060 SH,22.0,1
1060 SJ,11.0,1
1060 ST,11.0,1
1061 AN,22.0,1
1061 AW,11.0,1
1061 BA,11.0,1
1061 BD,11.0,1
1061 BT,11.0,1
1061 BZ,11.0,1
1061 CE,22.0,1
1061 CZ,11.0,1
1061 DG,11.0,1
1061 DZ,22.0,1
1061 GB,11.0,1
1061 GG,11.0,1
1061 HK,22.0,1
1061 MA,22.0,1
1061 MG,22.0,2
1061 SB,22.0,1
1061 SW,22.0,1
1061 TG,11.0,1
1061 TT,11.0,1
1061 VK,22.0,1
1061 XB,11.0,1
1061 XH,22.0,1
1061 XZ,11.0,1
1062 AA,11.0,1
1062 AK,11.0,1
1062 BM,11.0,1
1062 BV,22.0,1
1062 CB,22.0,2
1062 CG,11.0,1
1062 CR,22.0,1
1062 DD,11.0,1
1062 DJ,11.0,1
1062 EV,22.0,2
1062 GD,11.0,1
1062 HA,11.0,1
1062 HC,11.0,1
1062 HK,22.0,2
1062 HW,22.0,1
1062 JN,11.0,1
1062 KE,22.0,1
1062 KM,11.0,1
1062 KS,11.0,1
1062 XK,111.0,3
1062 XR,11.0,1
1062KM,11.0,1
1063 AC,11.0,1
1063 AS,11.0,1
1063 AX,22.0,1
1063 BD,11.0,1
1063 BT,11.0,1
1063 BX,22.0,1
1063 CE,11.0,1
1063 CR,22.0,1
1063 EC,11.0,1
1063 GG,11.0,1
1063 HP,22.0,1
1063 JV,22.0,2
1063 LN,11.0,1
1063 MG,11.0,1
1063 NE,11.0,1
1063 PG,11.0,1
1063 TD,22.0,1
1063 VD,22.0,1
1063 XL,22.0,2
1063 XR,11.0,1
1063 XZ,22.0,1
1063 ZM,22.0,1
1063 ZZ,11.0,1
1064 AM,11.0,1
1064 BJ,22.0,1
1064 BS,11.0,1
1064 CC,22.0,1
1064 CK,11.0,1
1064 CT,11.0,1
1064 DA,11.0,1
1064 DC,11.0,1
1064 DD,11.0,1
1064 DE,11.0,1
1064 DH,11.0,1
1064 DL,22.0,1
1064 EZ,11.0,1
1064 GE,11.0,1
1064 GV,11.0,1
1064 HL,33.0,2
1064 HM,55.0,3
1064 HN,11.0,1
1064 LD,22.0,1
1064 LG,22.0,2
1064 MH,11.0,1
1064 ML,11.0,1
1064 NC,11.0,1
1064 NP,22.0,1
1064 NX,11.0,1
1064 ST,22.0,1
1064 SZ,11.0,1
1064 TD,11.0,1
1064 WE,11.0,1
1064 WJ,11.0,1
1064 WR,22.0,1
1064 WS,11.0,1
1064 WZ,11.0,1
1064 XD,11.0,1
1064 ZH,11.0,1
1064 ZJ,11.0,1
1065 AL,22.0,1
1065 AV,22.0,1
1065 BP,11.0,1
1065 BX,11.0,1
1065 CJ,11.0,1
1065 CK,22.0,1
1065 CN,11.0,1
1065 EA,22.0,1
1065 EW,11.0,1
1065 GG,22.0,1
1065 HD,11.0,1
1065 HH,11.0,1
1065 JX,11.0,1
1065 KB,11.0,1
1065 KL,22.0,1
1065 KT,11.0,1
1065 KW,22.0,1
1065 LB,11.0,1
1065 LG,33.0,2
1065 LH,22.0,2
1065 MB,11.0,1
1065 SN,11.0,1
1065 SP,22.0,1
1065 SX,11.0,1
1065 VG,33.0,2
1065 XS,22.0,1
1066 AW,22.0,1
1066 AZ,33.0,3
1066 BD,22.0,1
1066 CV,11.0,1
1066 DG,11.0,1
1066 DH,22.0,2
1066 EJ,11.0,1
1066 ER,11.0,1
1066 EV,11.0,1
1066 GS,11.0,1
1066 HC,11.0,1
1066 HS,22.0,1
1066 HX,11.0,1
1066 JD,11.0,1
1066 JG,11.0,1
1066 KB,11.0,1
1066 LS,11.0,1
1066 LT,11.0,1
1066 LW,11.0,1
1066 LX,11.0,1
1066 LZ,11.0,1
1066 MA,11.0,1
1066 MD,22.0,1
1066 ME,11.0,1
1066 MK,22.0,1
1066 MN,22.0,1
1066 MP,11.0,1
1066 NK,11.0,1
1066 NW,11.0,1
1066 PP,11.0,1
1066 PT,33.0,2
1066 PX,22.0,1
1066 RA,11.0,1
1066 SB,11.0,1
1066 SJ,11.0,1
1066 SK,22.0,2
1066 SP,22.0,1
1066 ST,11.0,1
1066 SX,11.0,1
1066 TA,11.0,1
1066 TB,22.0,2
1066 TK,11.0,1
1066 WC,22.0,1
1066 WE,22.0,1
1066 WH,33.0,3
1066 WJ,22.0,1
1066 XT,22.0,1
1067 AB,11.0,1
1067 AE,11.0,1
1067 AJ,22.0,1
1067 AN,22.0,1
1067 BC,11.0,1
1067 BD,11.0,1
1067 DC,11.0,1
1067 DE,22.0,1
1067 DG,11.0,1
1067 DH,11.0,1
1067 EE,22.0,1
1067 EP,22.0,2
1067 HR,11.0,1
1067 JA,22.0,2
1067 JP,22.0,1
1067 JV,22.0,1
1067 KD,22.0,1
1067 KL,11.0,1
1067 KW,22.0,1
1067 LE,11.0,1
1067 LT,11.0,1
1067 LW,11.0,1
1067 MX,11.0,1
1067 MZ,22.0,1
1067 NH,22.0,2
1067 NN,22.0,1
1067 NS,11.0,1
1067 PD,11.0,1
1067 PH,11.0,1
1067 PK,22.0,1
1067 PN,11.0,1
1067 PX,22.0,2
1067 RG,11.0,1
1067 SM,11.0,1
1067 SN,11.0,1
1067 TP,11.0,1
1067 TV,11.0,1
1067 VS,22.0,1
1067 VV,11.0,1
1067 VX,11.0,1
1067 WH,22.0,1
1067 WL,11.0,1
1067 XA,22.0,1
1067 XX,33.0,2
1068 AH,11.0,1
1068 BB,11.0,1
1068 BM,22.0,2
1068 BS,11.0,1
1068 CW,11.0,1
1068 DS,11.0,1
1068 ER,22.0,1
1068 GL,22.0,2
1068 HV,22.0,1
1068 HW,11.0,1
1068 HX,11.0,1
1068 HZ,11.0,1
1068 JH,11.0,1
1068 KH,11.0,1
1068 KP,11.0,1
1068 KV,22.0,1
1068 KZ,11.0,1
1068 LJ,11.0,1
1068 MB,11.0,1
1068 MG,11.0,1
1068 MP,33.0,2
1068 MS,22.0,1
1068 MV,22.0,1
1068 NC,22.0,1
1068 ND,22.0,1
1068 NP,11.0,1
1068 PC,11.0,1
1068 PM,11.0,1
1068 RA,22.0,1
1068 RC,22.0,1
1068 SH,11.0,1
1068 SK,22.0,2
1068 TG,11.0,1
1068 VM,22.0,1
1068 VT,11.0,1
1068 VW,11.0,1
1068 WE,11.0,1
1068 WG,22.0,1
1068ER,11.0,1
1068MH,11.0,1
1069 AL,22.0,1
1069 BG,11.0,1
1069 BJ,11.0,1
1069 CD,11.0,1
1069 EB,44.0,3
1069 EC,11.0,1
1069 ED,22.0,1
1069 EN,22.0,1
1069 EV,22.0,1
1069 EX,22.0,1
1069 GA,22.0,1
1069 GH,11.0,1
1069 GV,11.0,1
1069 GZ,11.0,1
1069 HD,22.0,1
1069 HP,11.0,1
1069 HT,22.0,1
1069 HV,11.0,1
1069 JR,11.0,1
1069 KA,33.0,2
1069 KG,11.0,1
1069 KJ,22.0,1
1069 KS,11.0,1
1069 KW,11.0,1
1069 LB,11.0,1
1069 LH,11.0,1
1069 MT,11.0,1
1069 MX,11.0,1
1069 NC,11.0,1
1069 NG,11.0,1
1069 NM,22.0,2
1069 NS,11.0,1
1069 PE,22.0,1
1069 PK,33.0,2
1069 PR,11.0,1
1069 PT,11.0,1
1069 RA,11.0,1
1069 RG,22.0,1
1069 RM,11.0,1
1069 RN,33.0,2
1069 RR,22.0,1
1069 SE,11.0,1
1069 SR,11.0,1
1069 SZ,11.0,1
1069 TD,33.0,2
1069 TV,22.0,1
1069 VM,22.0,1
1069 VN,22.0,2
1069 VP,22.0,1
1069 VW,11.0,1
1069 WP,11.0,1
1069 WR,11.0,1
1069 XV,22.0,1
1069 ZJ,22.0,1
1069 ZN,22.0,1
1069 zp,22.0,1
1071 AB,11.0,1
1071 AE,11.0,1
1071 AK,11.0,1
1071 BE,11.0,1
1071 BJ,11.0,1
1071 BW,22.0,1
1071 BX,11.0,1
1071 BZ,11.0,1
1071 CJ,33.0,2
1071 CM,11.0,1
1071 DB,11.0,1
1071 DH,22.0,2
1071 DP,11.0,1
1071 DR,44.0,2
1071 DV,22.0,2
1071 EM,22.0,1
1071 ER,22.0,2
1071 GB,11.0,1
1071 GD,11.0,1
1071 GE,33.0,2
1071 GJ,11.0,1
1071 GK,33.0,2
1071 GN,11.0,1
1071 GS,22.0,1
1071 GW,22.0,1
1071 HE,11.0,1
1071 HX,22.0,1
1071 JB,33.0,2
1071 JC,11.0,1
1071 JG,22.0,2
1071 JL,11.0,1
1071 JM,11.0,1
1071 JV,11.0,1
1071 JW,22.0,2
1071 KB,11.0,1
1071 KC,22.0,1
1071 KE,22.0,2
1071 KG,11.0,1
1071 KL,22.0,2
1071 KM,22.0,1
1071 KN,22.0,1
1071 KP,11.0,1
1071 KS,22.0,1
1071 KV,33.0,2
1071 LB,11.0,1
1071 LE,33.0,2
1071 LJ,11.0,1
1071 LL,11.0,1
1071 LN,11.0,1
1071 LR,33.0,2
1071 MB,11.0,1
1071 MJ,11.0,1
1071 MN,11.0,1
1071 MP,11.0,1
1071 MT,11.0,1
1071 MX,22.0,1
1071 NA,11.0,1
1071 NE,22.0,1
1071 NK,11.0,1
1071 NP,22.0,1
1071 PR,11.0,1
1071 PV,22.0,1
1071 PW,11.0,1
1071 RA,11.0,1
1071 RM,22.0,1
1071 RR,11.0,1
1071 RS,11.0,1
1071 RV,11.0,1
1071 SC,22.0,1
1071 SR,11.0,1
1071 SX,11.0,1
1071 TH,11.0,1
1071 TL,11.0,1
1071 TS,22.0,2
1071 TV,22.0,2
1071 TZ,11.0,1
1071 VC,11.0,1
1071 VG,11.0,1
1071 VP,11.0,1
1071 VT,11.0,1
1071 VW,11.0,1
1071 VX,22.0,1
1071 WC,22.0,1
1071 WE,11.0,1
1071 WL,22.0,1
1071 WT,11.0,1
1071 XB,11.0,1
1071 XD,11.0,1
1071 XG,11.0,1
1071 XJ,11.0,1
1071 XW,150.0,3
1071 ZH,11.0,1
1071 ZK,22.0,2
1071 ZP,11.0,1
1071 ZX,11.0,1
1071 ZZ,11.0,1
1072 AA,11.0,1
1072 AP,22.0,1
1072 AS,11.0,1
1072 AT,22.0,1
1072 AV,11.0,1
1072 AZ,22.0,1
1072 EJ,22.0,2
1072 EL,22.0,1
1072 EP,11.0,1
1072 GS,22.0,1
1072 GW,33.0,2
1072 HK,11.0,1
1072 HR,22.0,2
1072 HS,22.0,2
1072 HT,22.0,1
1072 JC,22.0,2
1072 JJ,22.0,2
1072 JL,11.0,1
1072 JZ,33.0,3
1072 KA,11.0,1
1072 ME,11.0,1
1072 NB,11.0,1
1072 NP,22.0,1
1072 NT,33.0,2
1072 NV,11.0,1
1072 PA,22.0,2
1072 PC,11.0,1
1072 RT,22.0,1
1072 RX,11.0,1
1072 SE,11.0,1
1072 SH,22.0,1
1072 SJ,11.0,1
1072 SR,11.0,1
1072 SX,11.0,1
1072 TA,22.0,1
1072 TT,11.0,1
1072 XC,44.0,3
1073 AA,22.0,2
1073 AW,11.0,1
1073 CD,11.0,1
1073 CG,11.0,1
1073 CN,11.0,1
1073 CP,11.0,1
1073 CV,22.0,2
1073 CW,11.0,1
1073 CX,22.0,1
1073 EA,11.0,1
1073 EH,11.0,1
1073 EJ,11.0,1
1073 GC,11.0,1
1073 GG,11.0,1
1073 GN,11.0,1
1073 GS,22.0,1
1073 HD,11.0,1
1073 HG,11.0,1
1073 HK,22.0,1
1073 HS,11.0,1
1073 KB,11.0,1
1073 KH,22.0,2
1073 KX,11.0,1
1073 RM,11.0,1
1073 RR,22.0,1
1073 SG,11.0,1
1073 SL,11.0,1
1073 SZ,11.0,1
1073 TJ,11.0,1
1073 TK,33.0,2
1073 TN,33.0,3
1073 TP,11.0,1
1073 TR,11.0,1
1073 TV,11.0,1
1073 VP,11.0,1
1073 VW,22.0,2
1073 VX,11.0,1
1073 XH,11.0,1
1073 XL,22.0,1
1073 XP,22.0,2
1073 XS,22.0,2
1074 AR,11.0,1
1074 BA,22.0,2
1074 BD,11.0,1
1074 BE,33.0,3
1074 BL,55.0,3
1074 BM,11.0,1
1074 BR,11.0,1
1074 BT,11.0,1
1074 CM,22.0,1
1074 CN,22.0,1
1074 CR,11.0,1
1074 CS,11.0,1
1074 CT,11.0,1
1074 ED,44.0,3
1074 EJ,11.0,1
1074 EK,15.0,2
1074 EP,11.0,1
1074 ET,11.0,1
1074 GA,22.0,1
1074 GJ,22.0,1
1074 HE,11.0,1
1074 HG,11.0,1
1074 HJ,11.0,1
1074 HS,11.0,1
1074 HW,11.0,1
1074 HZ,11.0,1
1074 JH,33.0,3
1074 JJ,11.0,1
1074 SW,11.0,1
1074 TV,22.0,2
1074 TZ,22.0,1
1074 VB,11.0,1
1074 VE,11.0,1
1074 VG,22.0,1
1074 VH,22.0,1
1074 VM,11.0,1
1074 VN,11.0,1
1074 VP,22.0,1
1074 VT,11.0,1
1074 XG,22.0,1
1074 XL,22.0,2
1074 XN,11.0,1
1074 XT,11.0,1
1074 XX,22.0,1
1075 AB,11.0,1
1075 AC,33.0,2
1075 AG,11.0,1
1075 AN,33.0,2
1075 AS,55.0,4
1075 AT,11.0,1
1075 BA,22.0,2
1075 BB,11.0,1
1075 BH,11.0,1
1075 BN,22.0,1
1075 BS,22.0,1
1075 BT,11.0,1
1075 BZ,22.0,2
1075 CA,11.0,1
1075 CE,11.0,1
1075 CX,33.0,2
1075 EA,11.0,1
1075 EC,11.0,1
1075 EG,11.0,1
1075 EN,22.0,2
1075 ET,11.0,1
1075 EV,22.0,1
1075 GB,22.0,1
1075 GH,22.0,1
1075 GJ,22.0,2
1075 GM,22.0,1
1075 GP,11.0,1
1075 GT,11.0,1
1075 GV,22.0,2
1075 HC,22.0,2
1075 HE,22.0,1
1075 HG,22.0,2
1075 HR,11.0,1
1075 HS,11.0,1
1075 KK,22.0,1
1075 KT,11.0,1
1075 KZ,11.0,1
1075 LJ,11.0,1
1075 MG,11.0,1
1075 NC,11.0,1
1075 NT,11.0,1
1075 NX,33.0,2
1075 NZ,11.0,1
1075 PA,22.0,2
1075 PD,22.0,2
1075 PP,22.0,1
1075 PS,11.0,1
1075 PX,22.0,1
1075 RD,11.0,1
1075 RE,11.0,1
1075 RN,11.0,1
1075 RT,11.0,1
1075 RW,22.0,1
1075 SG,11.0,1
1075 SP,11.0,1
1075 ST,11.0,1
1075 TA,11.0,1
1075 TD,11.0,1
1075 TL,22.0,2
1075 TN,11.0,1
1075 TR,22.0,2
1075 TX,22.0,1
1075 VK,22.0,2
1075 VP,11.0,1
1075 VS,11.0,1
1076  AL,11.0,1
1076 AA,11.0,1
1076 AD,11.0,1
1076 AH,11.0,1
1076 AL,11.0,1
1076 AT,11.0,1
1076 BE,22.0,1
1076 BR,11.0,1
1076 CK,11.0,1
1076 CV,11.0,1
1076 CW,22.0,2
1076 DA,11.0,1
1076 DK,33.0,3
1076 DL,22.0,1
1076 DN,11.0,1
1076 DS,11.0,1
1076 EC,11.0,1
1076 ED,22.0,2
1076 JA,11.0,1
1076 JB,22.0,1
1076 JJ,11.0,1
1076 JL,22.0,1
1076 KJ,11.0,1
1076 KS,11.0,1
1076 KW,11.0,1
1076 LB,22.0,1
1076 LG,11.0,1
1076 LM,11.0,1
1076 LW,11.0,1
1076 NC,11.0,1
1076 NP,11.0,1
1076 NZ,22.0,2
1076 PS,11.0,1
1076 RW,22.0,1
1076 SP,11.0,1
1076 TP,22.0,1
1076 VC,11.0,1
1076 VR,11.0,1
1076 XA,22.0,1
1076 XM,22.0,1
1076 XR,22.0,1
1076 XS,11.0,1
1076 XV,11.0,1
1076 XX,11.0,1
1077 AA,11.0,1
1077 AE,11.0,1
1077 AR,11.0,1
1077 BJ,33.0,3
1077 BM,11.0,1
1077 BR,33.0,2
1077 BV,22.0,1
1077 CB,11.0,1
1077 CG,11.0,1
1077 CJ,11.0,1
1077 CP,22.0,1
1077 DB,11.0,1
1077 DE,11.0,1
1077 DH,11.0,1
1077 DW,11.0,1
1077 EB,11.0,1
1077 EC,11.0,1
1077 EH,11.0,1
1077 EL,33.0,2
1077 EM,22.0,2
1077 EP,11.0,1
1077 EV,11.0,1
1077 GB,11.0,1
1077 GD,22.0,2
1077 GG,22.0,1
1077 GH,11.0,1
1077 GN,22.0,2
1077 GR,22.0,1
1077 GS,11.0,1
1077 GX,11.0,1
1077 HG,22.0,1
1077 JA,11.0,1
1077 JB,11.0,1
1077 JL,11.0,1
1077 JS,11.0,1
1077 JX,22.0,1
1077 KA,22.0,1
1077 KV,11.0,1
1077 KZ,11.0,1
1077 LB,11.0,1
1077 LG,11.0,1
1077 LH,33.0,3
1077 LK,11.0,1
1077 LW,22.0,2
1077 LX,33.0,2
1077 MG,22.0,1
1077 ND,11.0,1
1077 NH,11.0,1
1077 PB,22.0,1
1077 PD,11.0,1
1077 PE,22.0,2
1077 PP,11.0,1
1077 PX,11.0,1
1077 RC,11.0,1
1077 RE,22.0,1
1077 RV,22.0,2
1077 SE,22.0,1
1077 SL,11.0,1
1077 TG,11.0,1
1077 TH,11.0,1
1077 TK,11.0,1
1077 TZ,11.0,1
1077 VD,11.0,1
1077 VE,11.0,1
1077 VG,22.0,2
1077 VJ,22.0,2
1077 VK,11.0,1
1077 VL,11.0,1
1077 VR,11.0,1
1077 VS,11.0,1
1077 VX,11.0,1
1077 WE,11.0,1
1077 WJ,11.0,1
1077 WP,11.0,1
1077 WX,11.0,1
1077 XC,11.0,1
1077 XR,11.0,1
1077 XZ,50.0,1
1077 ZD,33.0,2
1077 ZE,11.0,1
1077 ZG,22.0,1
1077 ZL,11.0,1
1077 ZN,22.0,1
1077 ZP,22.0,1
1077 ZS,11.0,1
1078 AB,11.0,1
1078 AE,11.0,1
1078 AJ,11.0,1
1078 AK,11.0,1
1078 AS,22.0,2
1078 AZ,11.0,1
1078 BA,11.0,1
1078 BB,11.0,1
1078 BD,33.0,2
1078 BG,22.0,2
1078 BK,11.0,1
1078 BM,22.0,1
1078 BT,11.0,1
1078 BZ,22.0,2
1078 DL,11.0,1
1078 DP,11.0,1
1078 DW,11.0,1
1078 EE,11.0,1
1078 EJ,11.0,1
1078 EN,11.0,1
1078 ES,11.0,1
1078 EZ,11.0,1
1078 GB,22.0,1
1078 GD,11.0,1
1078 HG,11.0,1
1078 HR,22.0,1
1078 HT,33.0,2
1078 HZ,11.0,1
1078 JD,11.0,1
1078 JR,11.0,1
1078 KD,22.0,2
1078 KE,11.0,1
1078 KL,11.0,1
1078 KN,11.0,1
1078 KW,11.0,1
1078 KZ,33.0,2
1078 LA,22.0,2
1078 LD,11.0,1
1078 LG,11.0,1
1078 LK,11.0,1
1078 LL,11.0,1
1078 LM,11.0,1
1078 LN,11.0,1
1078 LR,11.0,1
1078 LX,22.0,1
1078 MB,11.0,1
1078 MJ,11.0,1
1078 MK,22.0,2
1078 MP,11.0,1
1078 MR,22.0,2
1078 MS,11.0,1
1078 MX,22.0,1
1078 NA,22.0,1
1078 NC,22.0,2
1078 NJ,22.0,1
1078 NK,22.0,1
1078 NM,33.0,2
1078 NX,33.0,2
1078 PD,22.0,2
1078 PM,22.0,1
1078 RJ,22.0,1
1078 RK,11.0,1
1078 RT,11.0,1
1078 SZ,11.0,1
1078 TB,11.0,1
1078 TL,11.0,1
1078 TS,11.0,1
1078 VP,22.0,1
1078 XH,22.0,1
1078 XP,22.0,2
1078 XR,11.0,1
1078 XX,22.0,2
1079 AA,11.0,1
1079 AE,11.0,1
1079 AN,11.0,1
1079 BB,11.0,1
1079 BR,11.0,1
1079 BS,22.0,1
1079 CE,22.0,1
1079 CK,11.0,1
1079 CP,22.0,2
1079 DP,22.0,2
1079 DR,11.0,1
1079 DS,11.0,1
1079 EA,11.0,1
1079 ED,11.0,1
1079 EK,11.0,1
1079 EV,11.0,1
1079 GH,11.0,1
1079 GL,11.0,1
1079 GV,11.0,1
1079 JR,11.0,1
1079 JW,22.0,2
1079 KG,22.0,1
1079 KM,11.0,1
1079 KN,33.0,2
1079 KS,11.0,1
1079 KT,44.0,3
1079 LE,11.0,1
1079 LK,11.0,1
1079 MA,22.0,1
1079 MC,11.0,1
1079 ND,11.0,1
1079 NG,22.0,2
1079 NH,11.0,1
1079 NJ,11.0,1
1079 NK,22.0,1
1079 NL,11.0,1
1079 NP,22.0,2
1079 NR,11.0,1
1079 NS,11.0,1
1079 PA,11.0,1
1079 PB,11.0,1
1079 PJ,11.0,1
1079 PR,22.0,2
1079 RB,22.0,1
1079 RK,11.0,1
1079 RP,22.0,1
1079 SR,11.0,1
1079 TM,11.0,1
1079 TN,22.0,1
1079 TT,33.0,3
1079 TW,11.0,1
1079 TZ,22.0,2
1079 VG,11.0,1
1079 VK,11.0,1
1079 VM,22.0,1
1079 WB,11.0,1
1079 WD,22.0,1
1079 WE,11.0,1
1079 WK,22.0,1
1079 ZA,22.0,1
1079 ZE,11.0,1
1079 ZR,11.0,1
1079JC,11.0,1
1081 AP,11.0,1
1081 AR,33.0,2
1081 AT,11.0,1
1081 BB,11.0,1
1081 BD,11.0,1
1081 BP,22.0,1
1081 BR,22.0,1
1081 BS,11.0,1
1081 BV,11.0,1
1081 BX,11.0,1
1081 CB,11.0,1
1081 CJ,11.0,1
1081 CP,11.0,1
1081 ED,11.0,1
1081 EN,33.0,2
1081 EZ,11.0,1
1081 GB,11.0,1
1081 GD,11.0,1
1081 GJ,22.0,2
1081 GM,22.0,2
1081 GP,11.0,1
1081 GS,22.0,2
1081 HG,11.0,1
1081 JD,11.0,1
1081 JK,33.0,2
1081 JR,11.0,1
1081 JS,11.0,1
1081 JV,22.0,2
1081 KC,22.0,2
1081 ZS,11.0,1
1082 AD,11.0,1
1082 AL,11.0,1
1082 AR,11.0,1
1082 AV,11.0,1
1082 BE,11.0,1
1082 BR,11.0,1
1082 CL,22.0,1
1082 CM,11.0,1
1082 CT,11.0,1
1082 EA,11.0,1
1082 EH,22.0,1
1082 EK,22.0,1
1082 GC,11.0,1
1082 GG,11.0,1
1082 GM,22.0,2
1082 GR,22.0,1
1082 HJ,11.0,1
1082 HX,11.0,1
1082 JP,11.0,1
1082 KA,11.0,1
1082 KM,11.0,1
1082 KR,11.0,1
1082 LM,11.0,1
1082 LT,11.0,1
1082 ME,22.0,2
1082 MJ,11.0,1
1082 MK,22.0,2
1082 NE,11.0,1
1082 NR,22.0,1
1082 NV,11.0,1
1082 PA,11.0,1
1082 RA,11.0,1
1082 RJ,11.0,1
1082 RM,11.0,1
1082 RS,11.0,1
1082 RT,11.0,1
1082 RV,22.0,1
1082 SB,22.0,1
1082 SE,11.0,1
1082 TA,11.0,1
1082 TB,22.0,1
1082 TE,22.0,1
1082 TM,22.0,1
1082 TW,22.0,1
1082 VA,22.0,1
1082 VR,11.0,1
1082 XW,11.0,1
1083 AD,100.0,2
1083 AE,11.0,1
1083 AS,22.0,2
1083 AW,11.0,1
1083 BC,11.0,1
1083 BN,11.0,1
1083 BS,11.0,1
1083 CC,22.0,1
1083 CH,11.0,1
1083 CM,11.0,1
1083 CW,22.0,2
1083 GA,11.0,1
1083 GE,11.0,1
1083 GP,11.0,1
1083 HG,22.0,2
1083 HJ,33.0,3
1083 HL,11.0,1
1083 HN,11.0,1
1083 HP,11.0,1
1083 IA,11.0,1
1083 JJ,11.0,1
1083 JK,22.0,1
1083 JN,11.0,1
1083 JR,22.0,2
1083 KA,11.0,1
1083 KB,11.0,1
1083 TL,11.0,1
1086 JZ,11.0,1
1086 VB,44.0,3
1086 VE,11.0,1
1086 VG,11.0,1
1086 WE,11.0,1
1086 XS,11.0,1
1086 XV,22.0,1
1086 XW,11.0,1
1086 ZA,11.0,1
1086 ZG,11.0,1
1086 ZJ,44.0,3
1086 ZK,33.0,2
1086 ZM,11.0,1
1086 ZP,11.0,1
1087 AW,11.0,1
1087 BB,11.0,1
1087 BC,11.0,1
1087 BN,11.0,1
1087 CG,22.0,2
1087 DB,11.0,1
1087 DJ,22.0,1
1087 DM,11.0,1
1087 DR,22.0,2
1087 EB,11.0,1
1087 EC,11.0,1
1087 EH,33.0,2
1087 EK,22.0,1
1087 EM,33.0,2
1087 EN,11.0,1
1087 EP,22.0,1
1087 GL,22.0,1
1087 GN,44.0,2
1087 GT,11.0,1
1087 GZ,22.0,1
1087 HJ,11.0,1
1087 HN,22.0,2
1087 HT,11.0,1
1087 HW,11.0,1
1087 JA,11.0,1
1087 JC,11.0,1
1087 JD,11.0,1
1087 JT,33.0,2
1087 KE,11.0,1
1087 KH,11.0,1
1087 KN,22.0,1
1087 KR,11.0,1
1087 LC,11.0,1
1087 LD,44.0,2
1087 LG,22.0,2
1087 LL,22.0,1
1087 LM,33.0,2
1087 LN,11.0,1
1087 MA,11.0,1
1087 MG,22.0,1
1087 MH,11.0,1
1087 ML,11.0,1
1087 MN,11.0,1
1087 MR,11.0,1
1087 NA,22.0,2
1087 NH,22.0,1
1087GZ,22.0,1
1091 AD,22.0,2
1091 AE,22.0,1
1091 AR,11.0,1
1091 AS,11.0,1
1091 AX,22.0,1
1091 BB,11.0,1
1091 BH,11.0,1
1091 CJ,33.0,2
1091 CV,11.0,1
1091 CX,11.0,1
1091 CZ,22.0,1
1091 DA,22.0,1
1091 DE,22.0,1
1091 DG,11.0,1
1091 DL,11.0,1
1091 EA,11.0,1
1091 EB,22.0,1
1091 ED,22.0,2
1091 EG,33.0,3
1091 EH,11.0,1
1091 EK,22.0,2
1091 EL,11.0,1
1091 ES,11.0,1
1091 EX,11.0,1
1091 GC,11.0,1
1091 GM,22.0,1
1091 GW,22.0,1
1091 HR,11.0,1
1091 JC,22.0,1
1091 JE,22.0,1
1091 JG,11.0,1
1091 JH,11.0,1
1091 JK,11.0,1
1091 JP,11.0,1
1091 JZ,33.0,2
1091 KB,22.0,1
1091 KJ,11.0,1
1091 KP,22.0,1
1091 LM,11.0,1
1091 LR,11.0,1
1091 NC,11.0,1
1091 NN,11.0,1
1091 NS,11.0,1
1091 PA,11.0,1
1091 PP,22.0,1
1091 RE,11.0,1
1091 RP,11.0,1
1091 RT,11.0,1
1091 RV,11.0,1
1091 RZ,11.0,1
1091 SB,22.0,1
1091 SE,11.0,1
1091 SG,22.0,1
1091 SL,11.0,1
1091 SZ,11.0,1
1091 TC,33.0,2
1091 TK,11.0,1
1091 TN,11.0,1
1091 TW,11.0,1
1091 TX,22.0,1
1091 VC,11.0,1
1091 VE,11.0,1
1091 VP,22.0,1
1091 VV,11.0,1
1091 WT,11.0,1
1091 XN,11.0,1
1091 XT,22.0,1
1091 XV,11.0,1
1092 AD,11.0,1
1092 AS,11.0,1
1092 BK,22.0,1
1092 BN,11.0,1
1092 BP,11.0,1
1092 BR,22.0,1
1092 BV,11.0,1
1092 BW,11.0,1
1092 BZ,11.0,1
1092 CE,11.0,1
1092 EA,22.0,1
1092 EB,11.0,1
1092 EE,22.0,2
1092 EL,11.0,1
1092 ER,33.0,3
1092 EZ,22.0,1
1092 GD,11.0,1
1092 GE,11.0,1
1092 GG,11.0,1
1092 GM,22.0,1
1092 GZ,11.0,1
1092 HK,22.0,1
1092 HM,11.0,1
1092 HZ,11.0,1
1092 KA,11.0,1
1092 TE,22.0,2
1092 TG,22.0,1
1092 TJ,11.0,1
1092 VC,11.0,1
1092 VM,11.0,1
1092 VR,11.0,1
1092 XC,11.0,1
1092 XH,11.0,1
1092 XP,22.0,1
1092 XR,11.0,1
1092 XZ,22.0,1
1093 AD,22.0,1
1093 CA,11.0,1
1093 CB,11.0,1
1093 CN,22.0,2
1093 CP,11.0,1
1093 CX,11.0,1
1093 DL,11.0,1
1093 DM,11.0,1
1093 ES,11.0,1
1093 HG,11.0,1
1093 HP,11.0,1
1093 JL,22.0,2
1093 JT,11.0,1
1093 JV,11.0,1
1093 KP,33.0,2
1093 MB,33.0,2
1093 SH,22.0,2
1093 TE,22.0,1
1093 TK,22.0,2
1093 VD,11.0,1
1093 VT,11.0,1
1093 XC,11.0,1
1094 CE,33.0,2
1094 CG,22.0,1
1094 CK,11.0,1
1094 CT,11.0,1
1094 CV,22.0,1
1094 CX,22.0,1
1094 EC,11.0,1
1094 EG,11.0,1
1094 EM,11.0,1
1094 EN,22.0,2
1094 ER,11.0,1
1094 GB,22.0,1
1094 GC,11.0,1
1094 GT,11.0,1
1094 JL,11.0,1
1094 JP,22.0,1
1094 KE,11.0,1
1094 KK,22.0,2
1094 KZ,11.0,1
1094 LK,22.0,2
1094 LM,22.0,1
1094 LR,11.0,1
1094 LT,11.0,1
1094 NT,22.0,1
1094 PW,22.0,1
1094 RB,11.0,1
1094 RP,11.0,1
1094 SJ,11.0,1
1094 TH,22.0,1
1094 XN,22.0,2
1095 BJ,11.0,1
1095 BL,11.0,1
1095 CH,22.0,2
1095 CM,11.0,1
1095 CS,11.0,1
1095 DJ,11.0,1
1095 DN,11.0,1
1095 DX,22.0,1
1095 EG,11.0,1
1095 ES,22.0,1
1095 ET,22.0,1
1095 EZ,11.0,1
1095 GZ,11.0,1
1095 HK,11.0,1
1095 JK,22.0,2
1095 JM,33.0,2
1095 KC,11.0,1
1095 KD,11.0,1
1095 KW,11.0,1
1095 LH,11.0,1
1095 MB,11.0,1
1095 MD,88.0,6
1095 ME,11.0,1
1095 MM,22.0,1
1095 SC,22.0,1
1095 TA,11.0,1
1095 TG,11.0,1
1095 TP,11.0,1
1095 VD,22.0,1
1095 VJ,11.0,1
1095 WE,22.0,1
1095 XE,22.0,1
1095 XP,11.0,1
1096 AA,11.0,1
1096 AH,11.0,1
1096 AN,11.0,1
1096 BH,33.0,3
1096 BK,22.0,2
1096 BL,11.0,1
1096 CJ,22.0,2
1096 CN,11.0,1
1096 CR,11.0,1
1096 DH,11.0,1
1096 DV,11.0,1
1096 GA,22.0,2
1096 GG,33.0,3
1096 GJ,22.0,2
1096 HZ,44.0,3
1096 ZR,11.0,1
1097 AJ,11.0,1
1097 AL,11.0,1
1097 AP,22.0,1
1097 AR,11.0,1
1097 BA,22.0,1
1097 BB,11.0,1
1097 BC,11.0,1
1097 BD,11.0,1
1097 CC,11.0,1
1097 CJ,11.0,1
1097 CR,33.0,2
1097 CS,22.0,1
1097 CT,22.0,2
1097 DH,11.0,1
1097 DK,11.0,1
1097 DM,33.0,2
1097 DS,22.0,1
1097 DX,50.0,1
1097 ER,11.0,1
1097 ET,11.0,1
1097 EV,44.0,2
1097 GH,22.0,2
1097 GR,22.0,1
1097 HG,11.0,1
1097 HK,22.0,2
1097 HL,22.0,2
1097 HN,33.0,2
1097 HW,11.0,1
1097 HX,11.0,1
1097 JD,11.0,1
1097 KA,11.0,1
1097 LX,11.0,1
1097 MG,11.0,1
1097 NK,11.0,1
1097 NV,22.0,1
1097 NZ,22.0,1
1097 PB,11.0,1
1097 PD,22.0,1
1097 PP,11.0,1
1097 RH,11.0,1
1097 RM,11.0,1
1097 RP,11.0,1
1097 SM,11.0,1
1097 SR,11.0,1
1097 TB,22.0,1
1097 TH,11.0,1
1097 TV,11.0,1
1097 TZ,11.0,1
1097 VD,11.0,1
1097 VH,11.0,1
1097 WL,11.0,1
1097 XA,22.0,1
1097 XD,22.0,1
1097 ZC,22.0,1
1097 ZR,22.0,1
1098 AS,11.0,1
1098 BA,11.0,1
1098 BE,33.0,3
1098 BG,11.0,1
1098 BK,11.0,1
1098 BS,22.0,1
1098 BV,22.0,1
1098 CD,11.0,1
1098 CH,11.0,1
1098 CJ,11.0,1
1098 CW,22.0,2
1098 EJ,11.0,1
1098 EL,11.0,1
1098 ER,22.0,1
1098 ES,11.0,1
1098 GE,11.0,1
1098 GJ,11.0,1
1098 HC,11.0,1
1098 HE,33.0,2
1098 JA,11.0,1
1098 JC,22.0,1
1098 JG,11.0,1
1098 JJ,11.0,1
1098 JL,11.0,1
1098 JM,11.0,1
1098 JT,11.0,1
1098 KC,22.0,2
1098 KE,11.0,1
1098 KM,11.0,1
1098 KN,11.0,1
1098 KT,11.0,1
1098 KX,11.0,1
1098 LK,11.0,1
1098 LR,22.0,1
1098 NA,22.0,1
1098 NB,44.0,3
1098 NC,11.0,1
1098 ND,11.0,1
1098 NJ,33.0,3
1098 NR,11.0,1
1098 NV,11.0,1
1098 PE,11.0,1
1098 PM,11.0,1
1098 PN,22.0,1
1098 PZ,11.0,1
1098 RL,11.0,1
1098 RP,11.0,1
1098 RX,11.0,1
1098 SK,22.0,2
1098 TB,11.0,1
1098 TG,22.0,1
1098 TS,22.0,1
1098 TT,22.0,2
1098 TZ,11.0,1
1098 XB,11.0,1
1098 XE,11.0,1
1098 XH,22.0,2
1101 AG,22.0,2
1101 AR,11.0,1
1101 GC,11.0,1
1102 AA,11.0,1
1102 AG,11.0,1
1102 AL,22.0,1
1102 AM,11.0,1
1102 AZ,33.0,3
1102 BA,11.0,1
1102 EE,11.0,1
1102 GG,11.0,1
1102 JC,11.0,1
1102 JN,22.0,1
1102 KA,11.0,1
1102 LA,11.0,1
1102 MX,11.0,1
1102 PT,11.0,1
1102 RR,11.0,1
1102 RS,22.0,1
1102 SC,11.0,1
1102 SE,11.0,1
1102 SG,11.0,1
1102 SP,11.0,1
1102 TB,22.0,1
1102 TD,22.0,1
1102 TG,11.0,1
1102 TT,22.0,1
1102 TW,22.0,1
1102 VD,22.0,1
1102 VJ,11.0,1
1102 VP,22.0,1
1102 VW,11.0,1
1102 WV,22.0,1
1102 WZ,22.0,1
1102 XA,11.0,1
1102 XD,11.0,1
1102 XE,11.0,1
1102 XL,22.0,1
1102 ZM,22.0,1
1102 ZR,22.0,1
1103 AC,33.0,3
1103 AS,22.0,1
1103 AV,22.0,2
1103 AW,22.0,1
1103 BA,22.0,1
1103 BJ,11.0,1
1103 DN,22.0,1
1103 DS,11.0,1
1103 DT,11.0,1
1103 JZ,11.0,1
1103 ML,22.0,1
1103 MN,11.0,1
1103 MP,11.0,1
1103 PX,11.0,1
1103 RC,11.0,1
1103 RK,11.0,1
1103 RM,22.0,1
1103 SC,11.0,1
1103 SE,22.0,1
1103 SG,22.0,1
1103 SK,11.0,1
1103 SL,11.0,1
1103 TA,11.0,1
1103 TC,22.0,1
1103 TE,11.0,1
1103 TT,11.0,1
1103 TV,44.0,4
1104 CB,11.0,1
1104 DN,22.0,1
1104 EA,55.0,4
1104 HJ,33.0,2
1104 HL,33.0,2
1104 HP,11.0,1
1104 HS,22.0,1
1104 HV,11.0,1
1104 KK,33.0,2
1104 KR,11.0,1
1104 KV,22.0,1
1104 MJ,22.0,1
1104 MM,44.0,4
1104 MP,11.0,1
1104 NS,22.0,1
1104 PE,22.0,1
1104 PS,11.0,1
1104 SE,22.0,2
1104 VA,44.0,2
1104 VC,22.0,1
1105 AS,11.0,1
1105 AT,11.0,1
1106 AH,11.0,1
1106 BA,22.0,2
1106 CS,11.0,1
1106 CZ,11.0,1
1106 DL,11.0,1
1106 ED,11.0,1
1106 EG,22.0,1
1106 EL,22.0,1
1106 EN,22.0,2
1106 EX,11.0,1
1106 GC,11.0,1
1106 GK,11.0,1
1106 GT,22.0,1
1106 HB,22.0,1
1106 HP,22.0,1
1106 HW,11.0,1
1106 JK,11.0,1
1106 JW,11.0,1
1106 JZ,22.0,1
1106 KB,11.0,1
1106 MH,11.0,1
1106 PS,11.0,1
1106 RT,22.0,1
1106 VP,11.0,1
1106 WB,11.0,1
1106 WH,11.0,1
1106 WL,11.0,1
1106 WR,11.0,1
1106 XZ,11.0,1
1106 ZB,11.0,1
1106 ZD,11.0,1
1106 ZE,11.0,1
1106 ZK,33.0,2
1106 ZM,33.0,2
1106 ZN,11.0,1
1106 ZT,33.0,2
1107 AD,11.0,1
1107 AV,11.0,1
1107 BA,11.0,1
1107 BV,11.0,1
1107 CJ,22.0,1
1107 CN,11.0,1
1107 DC,22.0,1
1107 DL,22.0,1
1107 EA,11.0,1
1107 KB,22.0,1
1107 LC,11.0,1
1107 PK,11.0,1
1107 RH,11.0,1
1107 ST,11.0,1
1107 TA,11.0,1
1107 TH,22.0,1
1107 VA,11.0,1
1107 VD,11.0,1
1107 VJ,33.0,2
1107 WS,22.0,2
1107 XM,11.0,1
1108 AX,11.0,1
1108 CK,11.0,1
1108 CP,11.0,1
1108 EL,11.0,1
1109 AG,11.0,1
1109 BB,11.0,1
1109 BC,11.0,1
1109 BJ,11.0,1
1109 BK,11.0,1
1114 AG,11.0,1
1114 AK,11.0,1
1114 AN,11.0,1
